<?xml version="1.0" encoding="UTF-8"?>
<project default="Maingenerate" name="AcceleoMTLRunner">
    <property name="ECLIPSE_HOME" value="../../eclipse"/>
    <property name="ECLIPSE_WORKSPACE" value="../../../dsln"/>

    <!-- The classpath with only the dependencies used by the project -->
    <path id="AcceleoMTLRunner.libraryclasspath">
        <pathelement location="${ECLIPSE_WORKSPACE}/AcceleoMTLRunner/bin"/>
        <pathelement location="${ECLIPSE_HOME}/plugins/org.eclipse.fx.ide.css.jfx8_3.0.0.201705220750.jar"/>
        <pathelement location="${ECLIPSE_HOME}/plugins/org.eclipse.core.runtime_3.13.0.v20170207-1030.jar"/>
        <pathelement location="${ECLIPSE_HOME}/plugins/javax.inject_1.0.0.v20091030.jar"/>
        <pathelement location="${ECLIPSE_HOME}/plugins/org.eclipse.osgi_3.12.100.v20180210-1608.jar"/>
        <pathelement location="${ECLIPSE_HOME}/plugins/org.eclipse.fx.osgi_3.0.0.201705220748.jar"/>
        <pathelement location="${ECLIPSE_HOME}/plugins/org.eclipse.osgi.compatibility.state_1.1.0.v20170516-1513.jar"/>
        <pathelement location="${ECLIPSE_HOME}/plugins/org.eclipse.equinox.common_3.9.0.v20170207-1454.jar"/>
        <pathelement location="${ECLIPSE_HOME}/plugins/org.eclipse.core.jobs_3.9.3.v20180115-1757.jar"/>
        <pathelement location="${ECLIPSE_HOME}/plugins/org.eclipse.equinox.registry_3.7.0.v20170222-1344.jar"/>
        <pathelement location="${ECLIPSE_HOME}/plugins/org.eclipse.equinox.preferences_3.7.0.v20170126-2132.jar"/>
        <pathelement location="${ECLIPSE_HOME}/plugins/org.eclipse.core.contenttype_3.6.0.v20170207-1037.jar"/>
        <pathelement location="${ECLIPSE_HOME}/plugins/org.eclipse.equinox.app_1.3.400.v20150715-1528.jar"/>
        <pathelement location="${ECLIPSE_HOME}/plugins/org.eclipse.emf.ecore_2.13.0.v20170609-0707.jar"/>
        <pathelement location="${ECLIPSE_HOME}/plugins/org.eclipse.emf.common_2.13.0.v20170609-0707.jar"/>
        <pathelement location="${ECLIPSE_HOME}/plugins/org.eclipse.emf.ecore.xmi_2.13.0.v20170609-0707.jar"/>
        <pathelement location="${ECLIPSE_HOME}/plugins/org.eclipse.ocl_3.6.200.v20170522-1736.jar"/>
        <pathelement location="${ECLIPSE_HOME}/plugins/lpg.runtime.java_2.0.17.v201004271640.jar"/>
        <pathelement location="${ECLIPSE_HOME}/plugins/org.eclipse.ocl.common_1.4.200.v20160613-1518.jar"/>
        <pathelement location="${ECLIPSE_HOME}/plugins/org.eclipse.ocl.ecore_3.6.200.v20170522-1736.jar"/>
        <pathelement location="${ECLIPSE_HOME}/plugins/org.eclipse.acceleo.common_3.7.2.201708211328.jar"/>
        <pathelement location="${ECLIPSE_HOME}/plugins/org.eclipse.acceleo.model_3.7.2.201708211328.jar"/>
        <pathelement location="${ECLIPSE_HOME}/plugins/org.eclipse.acceleo.profiler_3.7.2.201708211328.jar"/>
        <pathelement location="${ECLIPSE_HOME}/plugins/org.eclipse.acceleo.engine_3.7.2.201708211328.jar"/>
        <pathelement location="${ECLIPSE_HOME}/plugins/org.eclipse.emf.codegen.ecore_2.13.0.v20170609-0928.jar"/>
        <pathelement location="${ECLIPSE_HOME}/plugins/org.eclipse.emf.codegen_2.12.0.v20170609-0928.jar"/>
        <pathelement location="${ECLIPSE_HOME}/plugins/com.google.guava_21.0.0.v20170206-1425.jar"/>
        <pathelement location="${ECLIPSE_HOME}/plugins/org.eclipse.xtext_2.12.0.v20170518-0959.jar"/>
        <pathelement location="${ECLIPSE_HOME}/plugins/org.antlr.runtime_3.2.0.v201101311130.jar"/>
        <pathelement location="${ECLIPSE_HOME}/plugins/com.google.inject_3.0.0.v201312141243.jar"/>
        <pathelement location="${ECLIPSE_HOME}/plugins/org.eclipse.emf.mwe.core_1.3.21.201705291011.jar"/>
        <pathelement location="${ECLIPSE_HOME}/plugins/org.apache.commons.cli_1.2.0.v201404270220.jar"/>
        <pathelement location="${ECLIPSE_HOME}/plugins/org.eclipse.emf.mwe2.runtime_2.9.1.201705291011.jar"/>
        <pathelement location="${ECLIPSE_HOME}/plugins/org.eclipse.emf.mwe.utils_1.3.21.201705291011.jar"/>
        <pathelement location="${ECLIPSE_HOME}/plugins/org.eclipse.xtext.util_2.12.0.v20170518-0959.jar"/>
    </path>

    <path id="AcceleoMTLRunner.classpath">
        <path refid="AcceleoMTLRunner.libraryclasspath"/>
    </path>

    <!-- The classpath with only the jars available in the plugin folder of Eclipse -->
    <path id="AcceleoMTLRunner.libraryclasspath.alljars">
        <pathelement location="../AcceleoMTLRunner/bin"/>
        <fileset dir="${ECLIPSE_HOME}/plugins/" includes="*.jar"/>
    </path>

    <path id="AcceleoMTLRunner.classpath.alljars">
        <path refid="AcceleoMTLRunner.libraryclasspath.alljars"/>
    </path>

    <!-- The default task with the jars used by this project -->
    <target name="Maingenerate">
        <java classname="AcceleoMTLRunner.main.Maingenerate" classpathref="AcceleoMTLRunner.classpath">
            <arg value="${model}"/>
            <arg value="${target}"/>
        </java>
    </target>

    <!--
        In case of problem you can also try with all the jar available in your Eclipse
        Keep in mind that having two versions of the same jar can create problems
    -->
    <target name="Maingenerate.alljars">
        <java classname="AcceleoMTLRunner.main.Maingenerate" classpathref="AcceleoMTLRunner.classpath">
            <arg value="${model}"/>
            <arg value="${target}"/>
        </java>
    </target>
</project>
